Workbook

Sheet Employee Master
A1: Employee ID | B1: Employee Name | C1: Designation | D1: Joining Date | E1: Salary Type | F1: Monthly Salary | G1: Contact
A2: EMP001 | B2: Ravi | C2: Machine Operator | D2: 46199 | E2: Monthly | F2: 40000 | G2: 7585825160
A3: EMP002 | B3: Raju | C3: Mixer Man | D3: 46199 | E3: Monthly | F3: 19000 | G3: 7501663268
A4: EMP003 | B4: Sattu | C4: Helper | D4: 46199 | E4: Monthly | F4: 16000 | G4: 9875641363
A5: EMP004 | B5: Shah Jahan | C5: Roll Man | D5: 46220 | E5: Monthly | F5: 17000 | G5: 6201471029
A6: EMP005 | B6: Shanti Devi | C6: Pipe Cutting | D6: 46238 | E6: Daily | F6: 400 | G6: 9001311441
A7: EMP006 | B7: Manisha | C7: Pipe Cutting | D7: 46239 | E7: Daily | F7: 400 | G7: 7483944538
A8: EMP007 | B8: Muttalib Ansari | C8: Helper | D8: 46283 | E8: Monthly | F8: 17000 | G8: 7870666535
A9: EMP008 | B9: Debashis Munda | C9: Mixer Man | D9: 46286 | E9: Monthly | F9: 19000 | G9: 7477651481
A10: EMP009 | B10: Moumita Sardar | C10: Pipe Cutting | D10: 46286 | E10: Monthly | F10: 11000 | G10: 7477651481
A11: EMP010 | B11: Rina Sardar | C11: Pipe Cutting | D11: 46288 | E11: Monthly | F11: 10000 | G11: 7585825160

Sheet Expense Register
A1: Date | B1: Category | C1: Description | D1: Amount | E1: Payment mode | F1: Applicable To
A2: 46197 | B2: Travel Expense | C2: Train Ticket | D2: 4000 | E2: online | F2: Ravi and Raju
A3: 46199 | B3: Vegetables | C3: Food | D3: 590 | E3: online | F3: Ravi, Raju and Sattu
A4: 46205 | B4: Vegetables | C4: Food | D4: 640 | E4: online | F4: Ravi, Raju and Sattu
A5: 46205 | B5: Grocery | C5: Kitchen | D5: 1280 | E5: online | F5: Ravi, Raju and Sattu
A6: 46210 | B6: Advance Salary | C6: Advance | D6: 500 | E6: online | F6: Ravi
A7: 46213 | B7: Advance Salary | C7: Advance | D7: 500 | E7: online | F7: Ravi
A8: 46216 | B8: Advance Salary | C8: Advance | D8: 2000 | E8: online | F8: Sattu
A9: 46216 | B9: Advance Salary | C9: Advance | D9: 3000 | E9: online | F9: Raju
A10: 46216 | B10: Advance Salary | C10: Advance | D10: 5000 | E10: online | F10: Ravi
A11: 46216 | B11: Advance Salary | C11: Advance | D11: 3000 | E11: online | F11: Raju
A12: 46231 | B12: Advance Salary | C12: Advance | D12: 500 | E12: online | F12: Ravi
A13: 46254 | B13: Advance Salary | C13: Advance | D13: 5000 | E13: online | F13: Ravi
... A21: 46290 | B21: Advance Salary | C21: Advance | D21: 1500 | E21: online | F21: Mutallib Ansari

Sheet Attendance sheet
J2: ATTENDANCE FOR OCTOBER MONTH
A4: Employee Number | B4: Employee Name | C4: Department | D4: 1 | E4: 2 | F4: 3 | G4: 4 | H4: 5 | I4: 6 | J4: 7 | K4: 8 | L4: 9 | M4: 10 | N4: 11 | O4: 12 | P4: 13 | Q4: 14 | R4: 15 | S4: 16 | T4: 17 | U4: 18 | V4: 19 | W4: 20 | X4: 21 | Y4: 22 | Z4: 23 | AA4: 24 | AB4: 25 | AC4: 26 | AD4: 27 | AE4: 28 | AF4: 29 | AG4: 30 | AH4: 31 | AI4: Present | AJ4: Absent | AK4: Leave
A5: 1 | B5: Ravi | C5: Operater | E5: L | G5: WO | N5: WO | U5: WO | W5: L | AB5: WO | AI5: =COUNTIF(D5:AH5,"P") -> 0 | AJ5: =COUNTIF(D5:AH5,"A") -> 0 | AK5: =COUNTIF(D5:AH5,"L") -> 2
A6: 2 | B6: Raju | C6: Mixer Man | E6: L | G6: WO | N6: WO | U6: WO | W6: L | AB6: WO | AI6: =COUNTIF(D6:AH6,"P") -> 0 | AJ6: =COUNTIF(D6:AH6,"A") -> 0 | AK6: =COUNTIF(D6:AH6,"L") -> 2
A7: 3 | B7: shahajahan | C7: Roll Man | E7: L | G7: WO | N7: WO | U7: WO | W7: L | AB7: WO | AI7: =COUNTIF(D7:AH7,"P") -> 0 | AJ7: =COUNTIF(D7:AH7,"A") -> 0 | AK7: =COUNTIF(D7:AH7,"L") -> 2
A8: 4 | B8: Mutallib Ansari | C8: Helper | E8: L | G8: WO | N8: WO | U8: WO | W8: L | AB8: WO | AI8: =COUNTIF(D8:AH8,"P") -> 0 | AJ8: =COUNTIF(D8:AH8,"A") -> 0 | AK8: =COUNTIF(D8:AH8,"L") -> 2
A9: 5 | B9: Debashis munda | C9: Mixer Man | E9: L | G9: WO | N9: WO | U9: WO | W9: L | AB9: WO | AI9: =COUNTIF(D9:AH9,"P") -> 0 | AJ9: =COUNTIF(D9:AH9,"A") -> 0 | AK9: =COUNTIF(D9:AH9,"L") -> 2
A10: 6 | B10: Shanti Devi | C10: Pipe Cutter | E10: L | G10: WO | N10: WO | U10: WO | W10: L | AB10: WO | AI10: =COUNTIF(D10:AH10,"P") -> 0 | AJ10: =COUNTIF(D10:AH10,"A") -> 0 | AK10: =COUNTIF(D10:AH10,"L") -> 2
A11: 7 | B11: Moumita Sardar | C11: Pipe Cutter | E11: L | G11: WO | N11: WO | U11: WO | W11: L | AB11: WO | AI11: =COUNTIF(D11:AH11,"P") -> 0 | AJ11: =COUNTIF(D11:AH11,"A") -> 0 | AK11: =COUNTIF(D11:AH11,"L") -> 2
A12: 8 | B12: Vaibhav | C12: Supervisor | E12: L | G12: WO | N12: WO | U12: WO | W12: L | AB12: WO | AI12: =COUNTIF(D12:AH12,"P") -> 0 | AJ12: =COUNTIF(D12:AH12,"A") -> 0 | AK12: =COUNTIF(D12:AH12,"L") -> 2
G17: P = Present A = Absent HD = Half Day WO = Weekly Off L = Leave

Sheet Payroll Sheet
E2: Payroll Month: Oct 2026
A4: SI No | B4: Employee | C4: Salary Type | D4: Salary Rate | E4: Working Days | F4: Paid Days | G4: Gross Salary | H4: Travel | I4: Advance | J4: Absent Deduction | K4: Total Deduction | L4: Net Salary | M4: Payment Status
A5: 1 | B5: Ravi | C5: Monthly | D5: 40000 | G5: =D5-J5 -> 40000 | H5: 0 | I5: =SUMIFS('Expense Register'!$D:$D, 'Expense Register'!$B:$B,"Advance Salary", 'Expense Register'!$F:$F,A2, 'Expense Register'!$A:$A,">="&StartDate, 'Expense Register'!$A:$A,"<="&EndDate) -> 0 | J5: 0 | K5: 0 | L5: =G5-(H5+I5) -> 40000 | M5: Pending
A6: 2 | B6: Raju | C6: Monthly | D6: 19000 | G6: =D6-J6 -> 19000 | H6: 0 | I6: =SUMIFS('Expense Register'!$D:$D, 'Expense Register'!$B:$B,"Advance Salary", 'Expense Register'!$F:$F,A3, 'Expense Register'!$A:$A,">="&StartDate, 'Expense Register'!$A:$A,"<="&EndDate) -> 0 | J6: 0 | K6: 0 | L6: =G6-(H6+I6) -> 19000 | M6: Pending
A7: 3 | B7: Shah Jahan | C7: Monthly | D7: 17000 | G7: =D7-J7 -> 17000 | H7: 0 | I7: =SUMIFS('Expense Register'!$D:$D, 'Expense Register'!$B:$B,"Advance Salary", 'Expense Register'!$F:$F,A4, 'Expense Register'!$A:$A,">="&StartDate, 'Expense Register'!$A:$A,"<="&EndDate) -> 0 | J7: 0 | K7: 0 | L7: =G7-(H7+I7) -> 17000 | M7: Pending
A8: 4 | B8: Shanti Devi | C8: Daily | D8: 400 | G8: =D8*F8 -> 0 | H8: 0 | I8: =SUMIFS('Expense Register'!$D:$D, 'Expense Register'!$B:$B,"Advance Salary", 'Expense Register'!$F:$F,A5, 'Expense Register'!$A:$A,">="&StartDate, 'Expense Register'!$A:$A,"<="&EndDate) -> 0 | J8: 0 | K8: 0 | L8: =G8-(H8+I8) -> 0 | M8: Pending
A9: 5 | B9: Moumita Sardar | C9: Monthly | D9: 11000 | G9: =D9-J9 -> 11000 | H9: 0 | I9: =SUMIFS('Expense Register'!$D:$D, 'Expense Register'!$B:$B,"Advance Salary", 'Expense Register'!$F:$F,A6, 'Expense Register'!$A:$A,">="&StartDate, 'Expense Register'!$A:$A,"<="&EndDate) -> 0 | J9: 0 | K9: 0 | L9: =G9-(H9+I9) -> 11000 | M9: Pending
A10: 6 | B10: Debashish Munda | C10: Monthly | D10: 19000 | G10: =D10-J10 -> 19000 | H10: 0 | I10: =SUMIFS('Expense Register'!$D:$D, 'Expense Register'!$B:$B,"Advance Salary", 'Expense Register'!$F:$F,A7, 'Expense Register'!$A:$A,">="&StartDate, 'Expense Register'!$A:$A,"<="&EndDate) -> 0 | J10: 0 | K10: 0 | L10: =G10-(H10+I10) -> 19000 | M10: Pending
A11: 7 | B11: Mutallib Ansari | C11: Monthly | D11: 17000 | G11: =D11-J11 -> 17000 | H11: 0 | I11: =SUMIFS('Expense Register'!$D:$D, 'Expense Register'!$B:$B,"Advance Salary", 'Expense Register'!$F:$F,A8, 'Expense Register'!$A:$A,">="&StartDate, 'Expense Register'!$A:$A,"<="&EndDate) -> 0 | J11: 0 | K11: 0 | L11: =G11-(H11+I11) -> 17000 | M11: Pending

Sheet September 2026
A1: SI No | B1: Employee | C1: Salary | D1: Travel Deduction | E1: Grocery & Food | F1: Advance | G1: Absent Deducation | H1: Total Deduction | I1: Net Salary
A2: 1 | B2: Ravi | C2: 40000 | D2: 2333 | E2: 0 | F2: 5000 | G2: 0 | H2: =SUM(D2:G2) -> 7333 | I2: =C2-H2 -> 32667
A3: 2 | B3: Raju | C3: 18000 | D3: 0 | E3: 0 | F3: 3000 | G3: 600 | H3: =SUM(D3:G3) -> 3600 | I3: =C3-H3 -> 14400
A4: 3 | B4: Shah Jahan | C4: 17000 | D4: 0 | E4: 0 | F4: 0 | G4: 566 | H4: =SUM(D4:G4) -> 566 | I4: =C4-H4 -> 16434
A5: 4 | B5: Shanti Devi | C5: 9800 | D5: 0 | E5: 0 | F5: 0 | G5: 0 | H5: =SUM(D5:G5) -> 0 | I5: =C5-H5 -> 9800
A6: 5 | B6: Manisha | C6: 4550 | D6: 0 | E6: 0 | F6: 0 | G6: 0 | H6: =SUM(D6:G6) -> 0 | I6: =C6-H6 -> 4550
A7: 6 | B7: Rina Sardar | C7: 10000 | D7: 0 | E7: 0 | F7: 0 | G7: 8668 | H7: =SUM(D7:G7) -> 8668 | I7: =C7-H7 -> 1332
A8: 7 | B8: Moumita Sardar | C8: 11000 | D8: 0 | E8: 0 | F8: 0 | G8: 8072 | H8: =SUM(D8:G8) -> 8072 | I8: =C8-H8 -> 2928
A9: 8 | B9: Debashish Munda | C9: 19000 | D9: 0 | E9: 0 | F9: 3000 | G9: 12670 | H9: =SUM(D9:G9) -> 15670 | I9: =C9-H9 -> 3330
A10: 9 | B10: Mutallib Ansari | C10: 17000 | D10: 0 | E10: 0 | F10: 1500 | G10: 10208 | H10: =SUM(D10:G10) -> 11708 | I10: =C10-H10 -> 5292

Sheet August 2026
A1: Employee | B1: Salary | C1: Travel Deduction | D1: Grocery & Food | E1: Advance | F1: Total Deduction | G1: Net Salary
A2: Ravi | B2: 40000 | C2: 0 | D2: 0 | E2: 5000 | F2: =SUM(C2:E2) -> 5000 | G2: =B2-F2 -> 35000
A3: Raju | B3: 18000 | C3: 0 | D3: 0 | E3: 3000 | F3: =SUM(C3:E3) -> 3000 | G3: 14420
A4: Shah Jahan | B4: 17000 | C4: 0 | D4: 0 | E4: 0 | F4: =SUM(C4:E4) -> 0 | G4: =B4-F4 -> 17000
A5: Shanti Devi | B5: 350 | C5: 0 | D5: 0 | E5: 0 | F5: =SUM(C5:E5) -> 0 | G5: 7700
A6: Manisha | B6: 350 | C6: 0 | D6: 0 | E6: 0 | F6: =SUM(C6:E6) -> 0 | G6: 7764

Sheet July 2026
A1: Employee | B1: Salary | C1: Travel Deduction | D1: Grocery & Food | E1: Advance | F1: Total Deduction | G1: Net Salary
A2: Ravi | B2: 40000 | C2: 2000 | D2: 836.67 | E2: 9500 | F2: =SUM(C2:E2) -> 12336.67 | G2: 33000
A3: Raju | B3: 18000 | C3: 2000 | D3: 836.67 | E3: 3000 | F3: =SUM(C3:E3) -> 5836.67 | G3: 14500
A4: Sattu | B4: 16000 | C4: 0 | D4: 836.67 | E4: 2000 | F4: =SUM(C4:E4) -> 2836.67 | G4: 11000 | H4: Paid
A5: Shah Jahan | B5: 17000 | C5: 0 | D5: 0 | E5: 0 | F5: =SUM(C5:E5) -> 0 | G5: 8200
